Roman Empire	empire	30	1453	12.4830718	41.8933439	Augustus Aureus infobox version.png
Duchy of Burgundy	vassal state	880	1477	5.0414701	47.3215806	CoA dukes of Burgundy 1430-1482 (chivalric).svg
Liao dynasty	dynasty	907	1125	13.11667	3.63333	null
Jin dynasty (265–420)	dynasty	265	420	112.4209629	34.6556873	null
Sui dynasty	dynasty	581	618	111.893678	23.882069	null
Western Xia	Nationalities of China	1038	1227	13.11667	3.63333	null
Song dynasty	dynasty	960	1279	105	35	null
Post-Imperial Mongolia	dynasty	1368	1691	13.11667	3.63333	null
Tang dynasty	dynasty	618	907	111.893678	23.882069	null
Ming dynasty	dynasty	1368	1644	118.7916065	32.0609158	null
Lodi dynasty	dynasty	1451	1526	77.2272603	28.6572914	null
Magna Carta	charter	1215	1315	-0.5385324	53.2343087	null
Abbasid Caliphate	sovereign state	750	1258	-75.2494721	6.7632894	null
Aztec	civilization	1325	1425	-99.042175	19.411645	null
Holy Roman Empire	sovereign state	962	1806	16.3725042	48.2083537	Quaterionenadler David de Negker.svg
Mongol Empire	former country	1206	1368	109.149643	47.1835116	null
Suaire de Saint-Josse	shroud	960	1060	12.21619	51.820706	null
Triptych of the Sedano family	triptych	1490	1590	-82.43085	8.42729	null
Saint Francis Receiving the Stigmata (Giotto)	painting	1295	1395	-90.084252	29.9805237	null
Cortona Triptych	painting	1437	1537	12.674297	42.6384261	null
Dali Kingdom	former country	937	1253	100.217158538405	25.6903219	null
Hephthalite Empire	ethnic group	408	670	68.7214024	36.8726143	null
Kingdom of Singapura	null	1299	1399	103.85007	1.28967	null
Goryeo	former country	918	1392	126.5595967	37.973836	null
Balhae	former country	698	926	42.3551357	11.8488215	null
Inca Empire	organization	1438	1533	-71.9711244	-13.5212349	Banner of the Inca Empire.svg
Altar frontal from Cardet	painting	1250	1350	2.15342121730515	41.36840785	null
Virgin and Child with Saint Anne (Masaccio)	painting	1424	1524	-46.6819643	-23.6140806	null
Taifa of Zaragoza	Taifa	1013	1110	-117.00371	32.5027	null
Principality of Bayreuth	principality	1398	1791	11.4479149	50.1008448	Wappen Brandenburg Ansbach Kulmbach Bayreuth.jpg
Knights Templar	military order	1119	1312	-0.1117428	51.5153316	null
Principality of Ansbach	null	1398	1792	10.4642	49.23165	Wappen Brandenburg-Ansbach.svg
Kingdom of Bohemia	former country	1198	1918	14.4212556	50.0874401	Znak českého království.png
Western Roman Empire	Empire	285	476	9.1905368	45.466797	Julius Nepos Tremissis.jpg
Echternach Gospels	Gospel Book	690	790	2.3733707	48.8343173	null
Saffarid dynasty	dynasty	861	1003	61.8598282	30.9549949	null
Malacca Sultanate	sultanism	1400	1511	102.255926	2.1908178	null
Duchy of Bavaria	duchy	907	1623	12.0974869	49.0195333	Duchy of bavaria large.svg
Majapahit	former country	1293	1527	112.380351	-7.5546127	Surya Majapahit.png
Grand Duchy of Lithuania	grand duchy	1236	1795	25.2853984	54.6843135	Grand Ducal Coat of Arms of Lithuania.svg
Liu Song dynasty	dynasty	420	479	120.1727616	22.9859654	null
Kingdom of Jerusalem	Crusader state	1099	1291	35.2137689549576	31.79681325	Arms of the Kingdom of Jerusalem (Ströhl).svg
Chūzan	former country	1314	1429	129.30749	34.59807	null
Nanzan	former country	1314	1429	139.7417602	35.7008911	null
Fiesole Altarpiece	painting	1422	1522	16.51667	38.63333	null
Chen dynasty	dynasty	557	589	120.1727616	22.9859654	null
Southern Qi	dynasty	479	502	120.1727616	22.9859654	null
Early modern France	null	1492	1592	2	46	null
Kingdom of France	sovereign state	987	1792	2.3521334	48.8565056	Grand Royal Coat of Arms of France & Navarre.svg
Duchy of Brittany	null	939	1547	-1.560235	47.2185155	COA fr BRE.svg
Kongō Gumi	null	578	678	128.336	36.1136	null
Lord Mayor of London	null	1189	1289	-0.1278327	51.5072648	null
Almoravid dynasty	dynasty	1040	1147	9.96973	15.18212	null
Golden Horde	organization	1243	1502	79.2262529	19.9399801	null
Vladimir-Suzdal	former country	1157	1331	40.44668	56.42274	Seal-of-Alexander-Nevsky 1236 Avers.svg
Adil Shahi dynasty	dynasty	1490	1686	75.8827047064814	16.8130812	null
Macedonia (ancient kingdom)	realm	-808	-167	22.3172749	40.4871136	Vergina Sun - Golden Larnax.png
Seleucid Empire	former country	-312	-63	44.5211087	33.0944338	null
Kingdom of Essex	null	527	825	-0.1276474	51.5073219	null
Shang dynasty	organization	-1569	-1044	28.3188883	-31.1818856	null
Gayer-Anderson cat	sculpture	-664	-564	-0.127990295550173	51.5194185	null
Eurytios Krater	column krater	-600	-500	12.0988512	41.9983601	null
Zagwe dynasty	dynasty	900	1270	39.0462032	12.0355606	null
Kingdom of Valencia	null	1238	1707	-0.7654406	39.6819591	Former Coat of Arms of Valencia (Party with the Royal Arms of Aragon).svg
Margraviate of Brandenburg	null	1157	1806	-96.8245	46.15287	null
Adiabene	null	15	116	44.2534471	36.5349312	null
The Birth of Venus (Botticelli)	painting	1483	1583	-46.6819643	-23.6140806	null
Guelders	null	1096	1795	6.0845104771116	52.12760175	Gelre-4 wapen.svg
Lorenzo Monaco	human	1420	1520	11.64222	48.05139	null
State of the Teutonic Order	former country	1230	1525	19.0277269019237	54.039921	Insignia Germany Order Teutonic.svg
Electorate of Saxony	state	1356	1806	13.25	51	null
County of Flanders	countship	866	1795	3.20809951603418	51.2315785	Arms of Flanders.svg
Oaths of Strasbourg	alliance	842	942	7.74296	48.58342	null
Burgundian Netherlands	null	1384	1482	4.37543388666309	50.83853395	Arms of the Duke of Burgundy (1364-1404).svg
Duchy of Brabant	duchy	1183	1795	5	51.66667	Royal Arms of Belgium.svg
Fatimid Caliphate	caliphate	909	1171	11.056042	35.5038839	null
Crimean Khanate	former country	1441	1783	33.8534782	44.7522963	Gerae-tamga.svg
Chancellor of the Duchy of Lancaster	position	1361	1461	-94.23418	35.57704	null
Holstein-Rendsburg	noble family	1290	1459	9.6658499	54.3006938	null
Duchy of Saxony	duchy	804	1296	13.25	51	Coat of arms of Lower Saxony.svg
Kingdom of Sardinia	former country	1324	1861	9.1128513	39.2169525	null
Margraviate of Meissen	null	965	1423	13.50776	51.22502	Blason Nord-Pas-De-Calais.svg
County of Oldenburg	countship	1091	1774	8.21467	53.14118	null
Grand Duchy of Moscow	former country	1263	1547	37.6187042	55.7516335	Seal-of-Ivan-4 1539 a.svg
Kingdom of Naples	former country	1282	1816	-97.7142	34.97785	null
Treaty of Corbeil (1258)	treaty	1258	1358	-1	41	null
Ilkhanate	organization	1256	1335	46.2397524	37.3916705	null
Principality of Zeta	former country	1360	1460	15.24902	41.01307	null
Latin Empire	null	1204	1261	28.9651646	41.0096334	Blason Empire Latin de Constantinople.svg
Empire of Trebizond	monarchy	1204	1461	39.72694	41.005	null
Kingdom of Castile	former country	1035	1230	-3.696977	42.343926	Royal Arms of Castille (1214-15th Century).svg
Ayyubid dynasty	dynasty	1171	1341	31.2436663	30.0488185	null
Empire of Nicaea	former country	1204	1261	29.7223732	40.4303445	null
Mali Empire	former country	1230	1545	-8.4138589	11.9415411	null
Borghese Gladiator	sculpture	-100	0	12.661425	41.4575382	null
Despotate of Epirus	former country	1205	1479	42.5742801	11.3861664	null
Kingdom of Sicily	realm	1130	1816	13.3534422	38.11127	Arms of the Aragonese Kings of Sicily(Crowned).svg
Grabow Altarpiece	painting	1379	1479	10.1459929321434	54.3286445	null
Kingdom of Kartli (1484–1762)	state	1466	1762	13.8024345	49.540361	null
Zheng (state)	former country	-806	-375	109.769014886134	34.4129102	null
Ghurid dynasty	dynasty	1011	1215	-115.9233426	35.4355353	null
Portuguese Empire	Colonial empire	1415	2002	-8.13057	39.6945	null
Songhai Empire	former country	1464	1591	-0.0412392	16.2788129	null
First Bulgarian Empire	null	681	1018	27.1235346	43.3630796	null
Book of Kells	codex	800	900	-72.6909669	41.7470446	null
Crown of Aragon	former country	1137	1716	-1	41	Royal arms of Aragon (Crowned).svg
Waalo	former country	1287	1855	-15.6884494	16.4662943	null
Ziyarid dynasty	dynasty	930	1090	51.6651161	32.6705341	null
Ethiopian Empire	former country	1137	1237	38.75	9	null
Aghlabids	dynasty	800	909	10.1006205	35.6775263	null
Kingdom of Armenia (antiquity)	null	-553	428	43.38311	38.49239	null
Astrakhan Khanate	former country	1466	1556	19.850138	60.3644138	null
Très Riches Heures du Duc de Berry	book of hours	1411	1511	2.485351	49.1938993	null
Rheingau	null	937	1866	7.8657658	49.8431642	null
Kingdom of Cyprus	null	1192	1489	33.364726	35.1739302	Armoiries Chypre.svg
LinkedIn	company	199	299	-100.4458825	39.7837304	null
Order of the Garter	Orders, decorations, and medals of the United Kingdom	1348	1448	-3.2765753	54.7023545	null
Vitruvian Man	drawing	1492	1592	12.3282997	45.431244	null
Champa	realm	192	1832	74.9345541	13.1842135	null
Harsha	human	606	647	79.8452149774924	26.9861559	null
Arnolfini Portrait	painting	1434	1534	-0.128558502487114	51.50882525	null
Delhi Sultanate	state	1206	1526	77.2272603	28.6572914	null
County of Edessa	countship	1098	1150	22.0499596	40.8045116	null
Srivijaya	former country	650	1377	104.756857	-2.9888297	null
Kingdom of Galicia–Volhynia	principality	1199	1349	24.319319	50.8474669	Alex K Halych-Volhynia.svg
Bishopric of Cammin	null	1248	1650	12.48499	41.8925	null
Sultanate of Maguindanao	sultanism	1300	1888	124.196953018016	7.2188133	null
Ghaznavids	former country	962	1187	68.4132108	33.5448968	null
Sundgau	historical region	900	1648	7.7556251	48.5667492	null
François Vase	volute krater	-570	-470	11.947524	43.0160467	null
Duchy of Modena and Reggio	former country	1452	1859	10.9255707	44.6458885	null
Hariphunchai	former country	661	1292	98.9375416816244	18.09388545	null
Solomonic dynasty	royal house	1270	1370	10.2116702	38.6521203	Imperial coat of arms of Ethiopia (Haile Selassie).svg
Anhalt-Köthen	null	1396	1863	11.9750736316111	51.7303023	Blason Principauté d'Anhalt-Köthen (XVIIIe siècle).svg
Taifa of Málaga	null	1026	1239	-4.42034	36.72016	null
Principality of Ryazan	former country	1097	1521	39.6916	54.6269	null
Virgin of the Rocks	group of paintings	1483	1583	1.8883335	46.603354	null
County of Tripoli	countship	1102	1289	13.1777923	32.896672	Armoiries Tripoli.svg
Gallic Empire	null	260	274	6.9599738	50.9383611	null
Buyid dynasty	dynasty	934	1062	52.532674	29.6130192	null
Eastern Wu	null	229	280	114.886707	30.3971188	null
Taifa of Seville	null	1023	1091	-84.78607	43.4228	null
Principality of Lüneburg	principality	1269	1705	10.4078555	53.248706	DEU Fuerstentum Lueneburg COA.svg
Margraviate of Landsberg	null	1156	1256	10.4234469	51.0834196	null
Electorate of Mainz	archdiocese	780	1803	8.2791	49.98419	Wappen Erzbistum Mainz.png
Mérode Altarpiece	triptych	1427	1527	-73.9633640138519	40.77944365	null
Himyarite Kingdom	null	-110	525	65.240613	38.758598	null
Adoration in the Forest (Lippi)	painting	1458	1558	13.3646506	52.5085892	null
Eastern Wei	null	534	550	112.4209629	34.6556873	null
County of Hainaut	countship	1071	1794	3.951958	50.4549568	Wapen van Henegouwen (provincie).svg
Saxe-Lauenburg	duchy	1296	1876	10.5513889	53.3789803	COA family de Sachsen-Lauenburg.svg
Bishopric of Worms	null	861	1801	8.32120408588846	49.6615131	Wappen Bistum Worms.png
County of Eberstein	countship	1085	1660	14.56	46.80806	null
County of Veldenz	countship	1112	1801	7.0227458	49.8896658	Wappen Grafschaft Veldenz.svg
Pskov Republic	former country	1348	1510	28.3343684	57.8173995	Символ господарства Псковского.png
Bentheim-Steinfurt	noble family	1454	1554	10.4234469	51.0834196	null
Bishopric of Eichstätt	null	1305	1802	11.1872697	48.8928801	Hochstift Eichstaett coat of arms.svg
County of East Frisia	null	1464	1744	5.83333	53.16667	null
County of Baden	null	1415	1798	-102.03839	48.5899	null
Isenburg-Büdingen	countship	1341	1441	10.4234469	51.0834196	null
County of Stolberg	null	1210	1548	10.4234469	51.0834196	null
Werle	principality	1235	1436	11.6748284	53.2632957	null
Shu Han	former country	221	263	104.0612783	30.6765553	null
Cao Wei	null	220	265	112.4209629	34.6556873	null
Miraflores Altarpiece	painting	1442	1542	13.3646506	52.5085892	null
Dresden Triptych	painting	1437	1537	13.7346385	51.0534657	null
Assumption of the Virgin (Botticini)	painting	1475	1575	-0.128558502487114	51.50882525	null
Kara Koyunlu	organization	1375	1468	46.2891614	38.0773948	null
Golden Hat of Schifferstadt	Golden hat	-1350	-1250	8.3731645	49.3845728	null
Principality of Achaea	null	1205	1430	21.269662	37.907646	Armoiries Achaïe.svg
Duchy of Athens	duchy	1205	1456	-83.376678	33.9595974	Coat of Arms of the Duchy of Athens (de la Roche family).svg
Duke of York	Wikimedia list article	1385	1485	-1.8224336	52.6842993	null
East Asian Yogācāra	null	645	745	139.75309	35.68536	null
Pietà (Perugino)	painting	1483	1583	-46.6819643	-23.6140806	null
Stadion (state)	noble family	1200	1741	10.4234469	51.0834196	Oberstadion Wappen.png
Madonna and Child (Masaccio)	painting	1426	1526	-0.128558502487114	51.50882525	null
Tahirid dynasty	dynasty	821	873	61.8462896	37.6046954	null
Bahmani Sultanate	former country	1347	1527	76.8334228	17.3310003	null
Great Perm	state	1323	1505	100	60	null
Triumphs of Caesar (Mantegna)	cycle of paintings	1492	1592	12.340594572533	45.4341991	null
Thirtieth Dynasty of Egypt	Egyptian dynasty	-380	-343	-91.99835	33.13693	null
Bishopric of Dorpat	null	1224	1558	26.7237528	58.3727059	Tartu coat of arms.svg
Tuxtla Statuette	sculpture	162	262	-99.1332102	19.4325301	null
Second Bulgarian Empire	null	1185	1396	25.6321312	43.0820584	Coat of arms of the Second Bulgarian Empire.svg
Duchy of Savoy	null	1416	1860	5.9203636	45.5662672	Blason duche fr Savoie.svg
Ecce Homo (Bosch, 1470s)	painting	1476	1576	8.6738299	50.103336	null
Symmachi–Nicomachi diptych	sculpture	388	488	-0.171602596779448	51.49682255	null
Assumption of the Virgin (Andrea del Castagno)	painting	1449	1549	13.3572597	52.5097776	null
Apoxyomenos	sculpture	-330	-230	12.454661770501	41.90496095	null
Yeomen of the Guard	null	1485	1585	-3.2765753	54.7023545	null
Idrisid dynasty	dynasty	788	974	-5.5522479	34.0718399	null
Seven Sacraments Altarpiece	painting	1445	1545	4.35790140841528	50.8417252	null
Kingdom of Dublin	null	839	1171	-95.43073	45.19488	null
St. Sebastian (Antonello da Messina)	painting	1478	1578	13.7346385	51.0534657	null
County of Schaumburg	countship	1110	1640	-88.0884	42.02873	null
Paradiesgärtlein	painting	1410	1510	8.6738299	50.103336	null
Solms-Braunfels	noble family	1258	1806	10.4234469	51.0834196	Solms-Braunfels Fuersten Wappen.jpg
Speaker of the House of Commons (United Kingdom)	speaker	1377	1477	-1.07497	51.432552	null
Hoysala Empire	null	1026	1343	75.9918793	13.2167959	null
County of Hoya	countship	1202	1582	9.13957	52.8065	Hoya-Grafschaft.PNG
Lady with an Ermine	painting	1490	1590	19.9399745	50.0646897	null
Lucca Madonna (van Eyck)	painting	1435	1535	8.6738299	50.103336	null
Statue of Ebih-Il	sculpture	-2340	-2240	-89.25037	40.00032	null
Timurid dynasty	empire	1370	1507	66.9758026	39.6547869	null
Samanid Empire	dynasty	819	999	64.4231326	39.7675529	null
Khwarazmian dynasty	dynasty	1077	1231	59.1529152	42.3261364	null
Chagatai Khanate	former country	1225	1687	69.2142	35.52773	null
Adoration of the Magi of 1475 (Botticelli)	painting	1476	1576	-46.6819643	-23.6140806	null
Kara-Khanid Khanate	null	840	1212	75.2480499	42.7464049	null
Archbishopric of Bremen	null	1180	1648	8.80717	53.0758099	Wappen Erzbistum Bremen.png
Xin dynasty	dynasty	9	23	111.893678	23.882069	null
Order of the Bath	award	1399	1499	-76.34916	17.9482	null
County of Rodez	null	1112	1212	2.57338	44.35258	null
Gévaudan	null	1096	1790	3.34121	44.6926	Blason province fr Gevaudan.svg
Pietà of Villeneuve-lès-Avignon	altarpiece	1455	1555	4.7963	43.9684	null
Later Shu	former country	934	965	104.0612783	30.6765553	null
Bishopric of Lübeck	null	1160	1803	10.68729	53.86893	null
Papyrus 10	manuscript	400	500	29.2675469	26.2540493	null
Chancellor of the Exchequer	position	1316	1416	-3.2765753	54.7023545	null
Saint Jerome in His Study (after van Eyck)	painting	1442	1542	-83.064520622536	42.3594973	null
Theotokos of Vladimir	painting	1100	1200	37.6064232	55.7349612	null
Xia (Sixteen Kingdoms)	null	407	431	108.8483178	37.9990664	null
Lamentation of Christ (Mantegna)	painting	1480	1580	9.1883633	45.4722044	null
Principality of Murom	principality	1127	1392	42.0426	55.575	null
Primavera (painting)	painting	1478	1578	-46.6819643	-23.6140806	null
Northern Zhou	null	557	581	111.893678	23.882069	null
Bavaria-Munich	null	1392	1505	11.5459388443369	48.13068805	null
Duchy of Brunswick-Lüneburg	null	1235	1806	10.5203138303942	52.27165645	Brunswijk wapen.svg
Tirant lo Blanch	book	1490	1590	-0.3619192	39.4764935	null
Bishopric of Lebus	null	1248	1555	15.25	52.25	null
Principality of Calenberg	principality	1494	1705	9.7385532	52.3744779	Coat of Arms of Brunswick-Lüneburg.svg
Bishopric of Constance	diocese	1155	1803	9.17582	47.66033	null
Duchy of Troppau	null	1269	1369	17.90257	49.93866	null
Aldine Press	publisher	1494	1594	-90.17747	38.70636	null
Principality of Grubenhagen	null	1291	1596	9.8681643	51.8184594	Coat of Arms of Brunswick-Lüneburg.svg
Burgraviate of Nuremberg	null	1105	1440	11.07752	49.45421	COA family de Burggrafen von Nürnberg (Haus Hohenzollern).svg
Nobatia	null	350	450	-3.9185657	40.0177606	null
Duchy of Silesia	null	1138	1335	19	50.25	POL województwo dolnośląskie COA.svg
The Descent from the Cross (van der Weyden)	painting	1435	1535	-3.69241	40.41369	null
Trinity (Andrei Rublev)	painting	1411	1511	37.6064232	55.7349612	null
Former Shu	null	907	925	104.0612783	30.6765553	null
Principality of Göttingen	null	1279	1495	9.9352051	51.5327604	Brunswick-Lüneburg Arms.svg
County of Horne	null	920	1795	10.0889179	53.5540624	null
Crucifixion and Last Judgement diptych	painting	1430	1530	-73.9633640138519	40.77944365	null
Bishopric of Speyer	null	888	1803	8.433615	49.3165553	Wappen Bistum Speyer.png
Kingdom of Poland (1025–1385)	null	1025	1385	17.5958863	52.5359777	Reconstruction of the Grand Coat of Arms of the Crown of the Polish Kingdom.svg
Chimor	null	900	1470	-79.0730914573148	-8.1049574	null
Nefertiti Bust	sculpture	-1345	-1245	11.079964	49.4476576	null
Marinid dynasty	former country	1244	1465	-5.0133482	34.0341156	Marinid emblem of Morocco.svg
Portuguese Navy	navy	1180	1280	-7.8896263	40.033265	null
Papyrus 6	manuscript	350	450	29.2675469	26.2540493	null
Hammadid dynasty	dynasty	1014	1152	4.789403	35.8212153	null
East Grinstead (UK Parliament constituency)	constituency of the United Kingdom	1307	1983	-3.2765753	54.7023545	null
Aldobrandini Wedding	fresco	-50	50	12.454661770501	41.90496095	null
Kingdom of Zimbabwe	null	1220	1450	29.75	-19	null
Declaration of Arbroath	declaration of independence	1320	1420	-94.41551	39.09112	null
County of Namur	countship	981	1795	4.8661892	50.4665284	Arms of Namur.svg
Emirate of Crete	emirate	824	961	25.1328543	35.3340134	null
Despotate of the Morea	null	1348	1460	22.3692477	37.0753213	null
Wari culture	archaeological culture	500	900	-77.1722483	-9.3484957	null
Legend of Saint Ursula	cycle of paintings	1490	1590	12.3282997	45.431244	null
Virgin of the Consellers	painting	1445	1545	2.15342121730515	41.36840785	null
First Lord of the Treasury	null	1126	1226	-3.2765753	54.7023545	null
Aphrodite of Cnidus	sculpture	-360	-260	12.454661770501	41.90496095	null
Apollo Belvedere	sculpture	120	220	12.454661770501	41.90496095	null
Neo-Babylonian Empire	former country	-626	-539	12.8627841	49.3986492	null
Pyxis of al-Mughira	pyxis	968	1068	-4.003104	40.0028028	null
County of Burgundy	countship	982	1678	5.4925463	47.0921047	Blason comte fr Nevers.svg
Bishopric of Halberstadt	diocese	1180	1648	12.48499	41.8925	Wappen Bistum Halberstadt.png
Margraviate of Baden	null	1112	1803	8.2422878	48.7579974	Coat of arms of Baden.svg
Gemma Augustea	sculpture	12	112	16.3617772494109	48.20374855	null
Death of the Virgin (van der Goes)	painting	1472	1572	3.2265407892228	51.2053667	null
La belle ferronnière	painting	1490	1590	2.3027597	48.869394	null
Duchy of Westphalia	null	1180	1280	-95.45029	38.21057	null
Banu Qasi	noble family	714	929	-1.6051916	42.0639202	null
Papyrus 14	manuscript	500	600	33.975650442748	28.55600015	null
Freie Ämter	null	1415	1798	8.2319736	46.7985624	null
Bishopric of Ösel–Wiek	null	1228	1560	23.8287566256464	58.68505075	Haapsalu coat of arms.svg
The Vision of Saint Eustace	painting	1395	1495	-0.128558502487114	51.50882525	null
Papyrus 8	manuscript	350	450	29.2675469	26.2540493	null
Hesse-Marburg	null	1458	1604	8.7757742	50.8117327	Coat of arms of Hesse.svg
Kingdom of Sussex	null	477	825	-0.784174287682107	50.7442503	null
Papyrus 34	manuscript	650	750	29.2675469	26.2540493	null
Taifa of Valencia	null	1010	1238	-0.37739	39.46975	null
Papyrus 42	manuscript	550	650	16.3725042	48.2083537	null
Barberini Faun	sculpture	-300	-200	11.5658308416327	48.14653905	null
Duchy of Amalfi	duchy	839	1037	14.604141	40.634808	null
Anhalt-Bernburg	null	1252	1863	11.7356549	51.793887	Blason Duché d'Anhalt.svg
Duchy of Saxe-Wittenberg	null	1296	1356	12.6666	51.81666	null
Duchy of Swabia	former country	917	1268	10.5	48.33333	Hohenstaufen family arms.svg
March of Styria	null	1035	1135	15.16667	47.25	null
Landgraviate of Hesse	countship	1264	1567	9.4762981	51.3090209	null
Duchy of Pomerania	null	1121	1637	14.5509784	53.4302122	POL księstwo pomorskie COA.svg
Prince-Bishopric of Münster	null	1180	1802	7.61330165026119	51.9501317	Wappen Bistum Münster.png
House of Nassau-Weilburg	principality	1344	1806	10.4234469	51.0834196	Blason Nassau-Weilbourg.svg
Duchy of Limburg	duchy	1065	1795	4.8708	53.1567	Modern Arms of Limburg.svg
Madonna of the Carnation	painting	1479	1579	11.569970904087	48.1482861	null
Later Baekje	null	892	936	127.1480657	35.8242715	null
Hours of Maria d'Harcourt	book of hours	1415	1515	13.3915285439097	52.51814095	null
Wied	principality	1093	1698	7.4663112	50.4302589	Wied-Grafschaft.PNG
Taebong	null	901	918	126.5595967	37.973836	null
The Last Judgment (Memling)	painting	1467	1567	18.6469043729646	54.34555525	null
Duchy of Carinthia	null	976	1335	14.3613196	46.7672516	Kaernten shield CoA.svg
Sayn-Wittgenstein	noble family	1384	1607	8.37683040923173	51.0396597	null
Hohenlohe	noble family	1450	1806	9.5023324	49.200896	Wappen Hohenlohe (Adelsgeschlecht).svg
County of Nice	countship	1388	1848	1.8883335	46.603354	Blason06.PNG
Dwelling in the Fuchun Mountains	painting	1348	1448	121.548652	25.1020073	null
Episcopal principality of Utrecht	principality	1024	1528	5.53460738161551	52.2379891	Wappen Bistum Utrecht.png
Along the River During the Qingming Festival	panoramic painting	1085	1185	1.9940795	7.1857874	null
Madonna del Parto	fresco	1455	1555	12.2272383	42.2397836	null
Allegories (Bellini)	cycle of paintings	1490	1590	12.3282997	45.431244	null
Muzaffarids (Gujarat)	dynasty	1391	1491	72	23	null
Bartolini Salimbeni Annunciation	painting	1420	1520	11.4849039	46.5222277	null
Portrait of Caracalla	sculpture	211	311	12.454661770501	41.90496095	null
Christ Crowned with Thorns (Bosch, El Escorial)	painting	1495	1595	-4.1478695	40.5890758	null
Portrait of Luca Pacioli	painting	1495	1595	14.2507827	40.8672819	null
Hwicce	null	577	677	-2.2216009	52.1918287	null
County of Manderscheid	noble family	1000	1488	6.8123398	50.0925479	Armoiries d'Erpeldange.svg
Ghent Altarpiece	painting	1432	1532	3.7271593147338	51.05298865	null
David (Donatello)	statue	1430	1530	12.7759834	41.6821627	null
Supreme Order of Christ	order	1319	1419	12.4528349	41.9034912	null
Lamentation over the Dead Christ (Botticelli)	painting	1495	1595	11.569970904087	48.1482861	null
Nassau-Siegen	null	1303	1743	6.1396897	51.785043	null
Portrait of a Young Man (Botticelli, Pitti Palace)	painting	1470	1570	11.2502961	43.764733	null
Golden Ambrosian Republic	null	1447	1450	9.1905368	45.466797	null
Hafsid dynasty	dynasty	1229	1574	9.400138	33.8439408	null
Kediri Kingdom	null	1045	1221	112.006239	-7.8136008	null
Jolof Empire	former country	1350	1549	-15.1143838	15.3953336	null
Hours of Jean de Boucicaut	book of hours	1408	1508	2.31054444858627	48.87545015	null
Allegory (Filippino Lippi)	painting	1498	1598	-46.6819643	-23.6140806	null
Taifa of Orihuela	Taifa	1239	1249	-0.946613	38.0906911	null
Duchy of Mantua	null	1273	1797	-75.16851	39.76189	null
Portuguese Gold Coast	null	1482	1642	-1.34814843305208	5.08270245	Coat of arms of Portugal (1640).svg
Venus de' Medici	sculpture	-50	50	-46.6819643	-23.6140806	null
County of Zweibrücken	null	1182	1394	7.36977	49.24686	null
Arrotino	sculpture	-100	0	-46.6819643	-23.6140806	null
Saint George and the Dragon (Uccello)	painting	1470	1570	-0.128558502487114	51.50882525	null
Later Liang (Five Dynasties)	Chinese dynasty	907	923	112.4209629	34.6556873	null
Kingdom of Kongo	former country	1395	1914	13.3194021	-4.4447873	Kongo coat of arms.JPG
Battersea Shield	sculpture	-350	-250	-0.149975	51.4854944	null
Bentheim-Tecklenburg	noble family	1277	1377	10.4234469	51.0834196	null
Waldburg-Trauchburg	null	1424	1772	10.4234469	51.0834196	null
Principality of Brunswick-Wolfenbüttel	principality	1269	1815	10.54095	52.16442	null
Prince of Asturias	null	1388	1488	-5.86112	43.36662	null
Qasim Khanate	null	1452	1681	41.3951798	54.9396919	null
Ran Min	human	350	352	93.7874406	18.6252772	null
Kingdom of Majorca	former country	1231	1715	3.02004	39.61362	Coat of Arms of the Kingdom of Majorca and the Balearic Islands (14th-20th Centuries).svg
Patria del Friuli	null	1077	1445	13	46.16667	null
Deheubarth	null	920	1197	-4.01882308451788	51.87689875	Coat of arms of Deheubarth.svg
Ince Hall Madonna	painting	1433	1533	144.968057772273	-37.8225995	null
Rohan Hours	illuminated manuscript	1430	1530	2.3733707	48.8343173	null
Madonna at the Fountain	painting	1439	1539	4.35790140841528	50.8417252	null
Ayutthaya Kingdom	former country	1350	1767	100.5722073	14.3560372	null
Danishmends	former country	1071	1178	37.013697	39.749781	null
Mamluk Dynasty (Delhi)	dynasty	1206	1290	77.2272603	28.6572914	null
Lan Xang	former country	1354	1707	102.135898	19.8887438	null
Doge of Venice	head of state	697	797	-90.17747	38.70636	null
Kara-Khitan Khanate	null	1124	1218	75.2480499	42.7464049	null
Princedom of Albania	null	1368	1392	20	41	null
Roman Catholic Diocese of Sion	diocese	999	1798	7.3588795	46.2311749	Wappen Bistum Sitten.png
Wells (UK Parliament constituency)	constituency of the United Kingdom	1295	1395	-3.2765753	54.7023545	null
Northern Wei	null	386	535	75.2789255	26.0162018	null
County of Wernigerode	countship	1121	1429	10.78216	51.83652	null
House of Henneberg	noble family	1037	1660	12.48499	41.8925	Hennenberg ZW.png
Muzaffarids (Iran)	former country	1314	1393	53	32	null
Lý dynasty	dynasty	1009	1225	149.072885	-35.252123	null
Serbian Despotate	null	1402	1537	20.3795639637002	44.68051	null
Holstein-Pinneberg	countship	1290	1640	9.6194579	53.8110548	null
Warsangali Sultanate	sultanism	1218	1886	48.1967	11.1595	null
Scandinavian York	state	866	954	-1.0814174	53.9593817	null
Principality of Novgorod-Seversk	null	1185	1285	33.2615	52.00577	null
Lord Privy Seal	null	1307	1407	-3.2765753	54.7023545	null
Wei (state)	former country	403	503	11.0647688	48.6145053	null
Khilji dynasty	dynasty	1290	1320	77.2272603	28.6572914	null
Taifa of Murcia	null	1011	1266	-1.13004	37.98704	null
Albani Torlonia Polyptych	painting	1491	1591	12.5115798882058	41.9136441	null
Ecce Homo (Bosch, 1490s)	painting	1490	1590	-86.1858388057633	39.82596175	null
Tsardom of Vidin	former country	1356	1456	22.8725	43.99	null
Kakuyids	null	1008	1141	51.6651161	32.6705341	null
Portrait of Lorenzo di Credi	painting	1488	1588	-77.019879964992	38.8913045	null
Duchy of Massa and Carrara	null	1473	1829	10.09987	44.07834	Cybo-Malaspina-stemma.jpg
Perugia Altarpiece	painting	1438	1538	12.3884626806542	43.11162135	null
Altarpiece of Saints Ursula, Martin and Anthony	painting	1420	1520	-0.370904126918915	39.4793116	null
Former Liang	null	320	376	106.5733505	29.5537034	null
Portrait of Francesco delle Opere	painting	1494	1594	-46.6819643	-23.6140806	null
Rucellai Madonna	painting	1285	1385	-46.6819643	-23.6140806	null
Great Cameo of France	sculpture	23	123	2	46	null
Madonna with Child (Crivelli)	painting	1470	1570	13.4552993915877	43.30101175	null
Portrait of a Man with a Medal of Cosimo the Elder	painting	1474	1574	-46.6819643	-23.6140806	null
Death of the Virgin (Mantegna)	painting	1462	1562	12.674297	42.6384261	null
Shaddadids	dynasty	951	1174	44.5763229	40.0037099	null
Duchy of Saint Sava	null	1448	1548	49.8	-14.2	Vukovići.png
Madonna della Vittoria	painting	1495	1595	14.9058992317414	41.5174473	null
St. Jerome in the Wilderness (Leonardo)	painting	1483	1583	12.454661770501	41.90496095	null
Sultanate of Rum	sultanism	1077	1307	29.6903748535141	40.4735862	null
Kingdom of Butua	null	1450	1683	29.7468414	-18.4554963	null
Western Liang (Sixteen Kingdoms)	null	400	421	94.6612931	40.1414182	null
Bulgaria (theme)	theme of the Byzantine Empire	1018	1118	-10	16.5	null
Habsburg Netherlands	null	1482	1581	5.75	52.25	null
Kingdom of the Suebi	former country	409	585	-8.4280045	41.5510583	null
March of Ancona	null	1198	1298	13.51008	43.59816	null
Crucifixion (Masaccio)	painting	1426	1526	14.2507827	40.8672819	null
Madonna and Child (Lippi)	painting	1460	1560	-46.6819643	-23.6140806	null
Adoration of the Magi (Gentile da Fabriano)	painting	1423	1523	-46.6819643	-23.6140806	null
Annunciation (Filippo Lippi, London)	painting	1449	1549	-0.128558502487114	51.50882525	null
Annunciation with two Kneeling Donors (Lippi)	painting	1440	1540	12.4898746	41.9033252	null
The Baptism of Christ (Verrocchio)	painting	1472	1572	-46.6819643	-23.6140806	null
Lan Na	null	1292	1775	99.7879328	19.8940574	null
Aceh Sultanate	sultanism	1496	1903	97.0253024	4.3685491	null
Injuids	former country	1335	1357	52.532674	29.6130192	null
Liang dynasty	dynasty	502	587	120.1727616	22.9859654	null
Cheng Han	null	304	347	104.0612783	30.6765553	null
Kingdom of Imereti	Wikimedia list article	1260	1810	42.667269338144	42.25899995	Imereti CoA tr.png
Principality of Taranto	Wikimedia list article	1088	1465	17.22972	40.47611	null
Madonna di Senigallia	painting	1470	1570	10.798033970229	45.1599916	null
Fortitude (Botticelli)	painting	1470	1570	12.4756507	41.9269806	null
Portrait of a Lady known as Smeralda Brandini	painting	1475	1575	-0.171602596779448	51.49682255	null
Annunciation (Botticelli, Glasgow)	painting	1490	1590	-4.29064960403914	55.8685341	null
Saint Augustine in His Study (Botticelli, Uffizi)	painting	1470	1570	-46.6819643	-23.6140806	null
Madonna del Padiglione (Botticelli)	painting	1493	1593	9.1860073	45.4636401	null
The Story of Virginia (Botticelli)	painting	1498	1598	9.67549545324148	45.7044449	null
Lamentation over the Dead Christ with Saints (Botticelli)	painting	1495	1595	9.1917804	45.4684748	null
The Story of Lucretia (Botticelli)	painting	1498	1598	-71.0989328	42.3386252	null
Party of Communists of Kyrgyzstan	null	22	122	75	41.5	null
Tughlaq dynasty	dynasty	1321	1414	77.2272603	28.6572914	null
The Story of Nastagio Degli Onesti, part one	painting	1483	1583	-3.69241	40.41369	null
Agony in the Garden (Bellini)	painting	1459	1559	-0.128558502487114	51.50882525	null
Madonna del Bordone	painting	1261	1361	11.352633893094	44.49161265	null
San Luca Altarpiece	painting	1453	1553	9.1883633	45.4722044	null
Northern Han	null	951	979	112.5531768	37.8527666	null
Benois Madonna	painting	1478	1578	30.3129961	59.9409876	null
Later Tang	dynasty	923	936	115.242390284383	36.2968187	null
Western Wei	dynasty	535	557	111.893678	23.882069	null
Northern Qi	null	550	577	93.7874406	18.6252772	null
Bacchus (Michelangelo)	sculpture	1497	1597	12.7759834	41.6821627	null
Mlechchha dynasty	dynasty	650	900	92.7910207	26.6245082	null
Western Yan	null	384	394	111.893678	23.882069	null
The Madonna of the Cherubim	painting	1485	1585	9.1883633	45.4722044	null
Léal Souvenir	painting	1432	1532	-0.128558502487114	51.50882525	null
Ashikaga shogunate	historical period	1338	1573	139.2394179	36.5748441	Ashikaga mon.svg
Later Jin (Five Dynasties)	dynasty	936	947	112.5531768	37.8527666	null
Beaune Altarpiece	altarpiece	1443	1543	4.8368201	47.0222889	null
Castor and Pollux (Prado)	sculpture	100	200	-3.69241	40.41369	null
Min (Ten Kingdoms)	null	909	945	119.2914774	26.0771539	null
Chu (Ten Kingdoms)	null	907	951	112.9835823	28.1873765	null
Wuyue	former country	907	978	120.1504858	30.2756741	null
Kamarupa	null	350	1140	91.7596948446363	26.17054555	null
Southern Han	former country	917	971	113.259001	23.1300037	null
Paul Cézanne University	university	1409	2012	46.603354	1.8883335	null
Kingdom of Kakheti	null	1465	1762	45.71667	41.75	null
Flagellation of Christ (Piero della Francesca)	painting	1455	1555	12.636461	43.7239057	null
Ain Sakhri lovers	sculpture	-9000	-8900	-0.127990295550173	51.5194185	null
Coronation of the Virgin (Fra Angelico, Louvre)	altarpiece	1434	1534	-90.084252	29.9805237	null
San Marco Altarpiece	painting	1440	1540	13.08474	46.0563	null
Calumny of Apelles (Botticelli)	painting	1495	1595	-46.6819643	-23.6140806	null
Annunciation (Leonardo)	painting	1470	1570	-46.6819643	-23.6140806	null
Bishopric of Trent	Wikimedia list article	1027	1803	-77.749	35.16714	Wappen Bistum Trient.png
County of Savoy	countship	1003	1416	5.9203636	45.5662672	Blason duche fr Savoie.svg
County of Barcelona	countship	801	1162	2.1771353	41.3825596	null
Republic of Lucca	null	1160	1805	10.502876	43.8428381	Shield Republic of Lucca.jpg
Judith and Holofernes (Donatello)	sculpture	1460	1560	11.2566515373992	43.76918055	null
Kingdom of Soissons	null	457	486	28.4924232556403	45.2705884	null
Antinous Mondragone	sculpture	130	230	12.6803684	41.8082452	null
Ecce Homo (Antonello da Messina)	painting	1475	1575	15.54969	38.19327	null
Beylik of Erzincan	null	1279	1379	39.49278	39.75222	null
Earl Marshal	null	1165	1265	-1.4391955	53.4058703	null
Ginevra de' Benci	painting	1474	1574	-77.019879964992	38.8913045	null
Self-Portrait at the age of 13	drawing	1484	1584	86.57743	27.26312	null
Navicella (mosaic)	mosaic	1330	1430	12.4528349	41.9034912	null
Jaffna kingdom	former country	1215	1624	80.0290277	9.6734908	null
Serbian Grand Principality	principality	1101	1217	28.38867	51.72703	null
Qi (Five Dynasties)	null	907	924	107.400261500728	34.54726835	null
Wu (Ten Kingdoms)	null	907	937	119.4365759	32.3926973	null
Germiyanids	former country	1300	1429	29.9854528	39.4195048	null
Jingnan	null	924	963	112.440071090737	30.0949774	null
Southern Tang	null	937	976	118.7916065	32.0609158	null
Madonna Litta	painting	1490	1590	30.3129961	59.9409876	null
Southern Liang	null	397	414	-123.0998607	49.2709279	null
Sayyid dynasty	dynasty	1414	1451	77.2272603	28.6572914	null
County of Toulouse	countship	778	1271	1.4442469	43.6044622	Blason Languedoc.svg
Emirate of Córdoba	emirate	756	929	-4.7795023	37.8844874	null
Principality of Kastrioti	principality	1389	1444	19.9999619	41.000028	null
Samhan	null	-108	-8	46	24.666667	null
The Last Judgment (Bosch triptych)	painting	1482	1582	16.37208	48.20849	null
Boxer of Quirinal	sculpture	-400	-300	-80.85707	41.60702	null
Franks Casket	sculpture	800	900	-0.127990295550173	51.5194185	null
Serbian Empire	null	1346	1371	21.4317955	41.9962268	null
Martyrdom of Saint Sebastian (Piero del Pollaiolo)	painting	1475	1575	-0.128558502487114	51.50882525	null
Ingeborg Psalter	work of art	1195	1295	2.485351	49.1938993	null
County of Boulogne	null	896	1501	2.25	48.83333	Blason Courtenay.svg
Maschen disc brooch	work of art	800	900	10.0415839	53.3953928	null
Karamanids	former country	1250	1487	33.3383665	37.1796848	null
Saloum	former country	1494	1969	-16.039658	14.1558573	null
Former Qin	null	351	394	111.893678	23.882069	null
Former Yan	null	337	370	112.95769	37.06359	null
Kadamba dynasty	dynasty	345	525	75.0129845	14.5389738	null
Principality of Dukagjini	principality	1387	1479	19.9999619	41.000028	null
Principality of Yaroslavl	principality	1218	1463	39.87368	57.62987	null
Principality of Kiev	former country	1132	1471	30.5238	50.45466	null
Principality of Wales	principality	1216	1542	-4.0147306	53.2342415	Arms of Llywelyn.svg
Consistori del Gay Saber	organization	1323	1423	1.8883335	46.603354	null
Duchy of Greater Poland	Wikimedia list article	1138	1320	20	52	POL województwo wielkopolskie COA.svg
Hours of Jeanne d'Evreux	book of hours	1324	1424	-73.9633640138519	40.77944365	null
Kingdom of Kandy	sovereign state	1469	1815	80.6356	7.2955	null
Aix Annunciation	painting	1440	1540	4.35782	50.8419	null
Northern Liang	null	397	460	100.4483826	38.9243532	null
Santa Trinita Maestà	painting	1280	1380	-46.6819643	-23.6140806	null
Han Zhao	null	304	329	111.5150764	36.0941478	null
Han (state)	former country	403	503	12.9569131	47.9917827	null
Kingdom of Kotte	null	1412	1597	79.90708	6.88297	null
Aule Metele	sculpture	-100	0	12.1027349496701	43.13778825	null
Maestà (Cimabue)	painting	1280	1380	-90.084252	29.9805237	null
Kingdom of Jaén	null	1246	1833	-3.79028	37.76922	null
Bishopric of Hildesheim	null	1235	1803	9.95112	52.15077	null
Papyrus 1	manuscript	250	350	-1.4611102	47.2521829	null
Holy Allegory	painting	1490	1590	-46.6819643	-23.6140806	null
Tobias and the Angel (Verrocchio)	painting	1470	1570	-0.128558502487114	51.50882525	null
Zuccone	sculpture	1423	1523	11.2580477098623	43.7731795	null
Portinari Altarpiece	painting	1475	1575	-46.6819643	-23.6140806	null
Adoration of the Magi (Leonardo)	painting	1480	1580	-46.6819643	-23.6140806	null
Gyaaman	former country	1450	1550	-1.0800271	8.0300284	null
La Parisienne (fresco)	fresco	-1400	-1300	25.13722	35.33944	null
Boston Throne	sculpture	1	101	-71.0938768203817	42.33943895	null
Kingdom of Lithuania	null	1251	1263	24	55.41667	null
Western Qin	null	385	431	103.8318602	36.0612545	null
Hours of Isabella Stuart	illuminated manuscript	1417	1517	0.1207621	52.1997247	null
Hours of Étienne Chevalier	book of hours	1452	1552	-73.9633640138519	40.77944365	null
Manchester Madonna	painting	1497	1597	2.33712265273211	48.86147245	null
Thomond	former country	1118	1543	-8.983747	52.8435152	null
Papyrus 11	manuscript	700	800	29.2675469	26.2540493	null
Later Qin	null	384	417	111.893678	23.882069	null
Kurt dynasty	null	1244	1381	62.2164003	34.3508273	null
Madonna in the Church	painting	1425	1525	13.3646506	52.5085892	null
San Cassiano Altarpiece	painting	1475	1575	16.3617772494109	48.20374855	null
San Giobbe Altarpiece	painting	1487	1587	12.3282997	45.431244	null
Lord Lieutenant of Ireland	null	1171	1271	-8	53	null
Portrait of a Young Man (Botticelli, London)	painting	1483	1583	-0.128558502487114	51.50882525	null
Sant'Ambrogio Altarpiece (Botticelli)	painting	1470	1570	-46.6819643	-23.6140806	null
Contarini Madonna	painting	1475	1575	12.3282997	45.431244	null
Croatia in the union with Hungary	null	1102	1526	15.4457303	43.936807	Coat of arms of Croatia 1495.svg
Brera Madonna	painting	1466	1566	9.1883633	45.4722044	null
Kingdom of the Algarve	null	1242	1910	-8.4395781	37.1894106	COA Reino de Algarve 1666.jpg
Kingdom of Córdoba	null	1236	1833	-64.18105	-31.4135	null
Wilton Diptych	painting	1395	1495	-0.128558502487114	51.50882525	null
Sanjak of Smederevo	sanjak of the Ottoman Empire	1459	1559	20.93	44.66278	null
Isenburg-Limburg	null	1258	1406	6	51.25	null
Lord Chancellor of Ireland	title	1200	1922	-8	53	null
Two Male Heads (Bosch)	painting	1475	1575	4.47309	51.9144	null
The Glorification of the Virgin	painting	1480	1580	4.47309	51.9144	null
Salvator Mundi (Leonardo)	painting	1490	1590	-69.9970411	-15.8240002	null
Missorium of Theodosius I	sculpture	388	488	-7.25	19	null
County of Jaffa and Ascalon	countship	1100	1268	34.7509908	32.0443395	null
Memorial tablet for the lords of Montfoort	painting	1400	1500	4.8850433673486	52.35991985	null
County of Sicily	countship	1071	1130	-96.74656	40.13208	null
Tara Brooch	Celtic brooch	700	800	-6.25334770418297	53.3398814	null
County of Zeeland	null	1012	1795	-86.01865	42.81252	null
Taifa of Lorca	null	1228	1250	-1.7017	37.67119	null
Lordship of Berat	noble family	1335	1417	20	40.66667	null
Papyrus 12	manuscript	300	400	-73.9865812	40.7305991	null
Belles Heures of Jean de France, Duc de Berry	work of art	1405	1505	-73.9633640138519	40.77944365	null
Simeis 147	supernova remnant	-40000	-39900	-77.37465	35.59352	null
Portrait Diptych of Dürer's Parents	painting	1490	1590	-46.6819643	-23.6140806	null
Alid dynasties of northern Iran	null	864	928	52.3492464	36.4713425	null
Esquiline Venus	sculpture	50	150	153.0810003	-27.482715	null
Papyrus 2	manuscript	550	650	29.2675469	26.2540493	null
Northern Yan	null	407	436	142.392785230549	43.72673085	null
Ognissanti Madonna	painting	1310	1410	12.674297	42.6384261	null
Western Ganga dynasty	dynasty	350	1000	78.0522043796469	13.35203255	null
Berestia	null	1080	1320	26.54366	51.52656	null
Saint-Sever Beatus	illuminated manuscript	1050	1150	2.3733707	48.8343173	null
Gemma Claudia	sculpture	49	149	16.3617772494109	48.20374855	null
Papyrus 7	manuscript	500	600	30.5240501	50.4501071	null
Papyrus 9	manuscript	300	400	5.7542671	51.9821454	null
Singhasari	null	1222	1292	112.6340291	-7.9771206	null
Gondola (family)	null	930	1800	18.09216	42.64807	Coa Croatia Family Gundulić.svg
San Zeno Altarpiece (Mantegna)	painting	1457	1557	11.16667	45.43333	null
Bulgarian Empire	null	681	1018	27.1235346	43.3630796	Coat of arms of the Second Bulgarian Empire.svg
Portrait of a Young Fiancée	painting	1495	1595	-69.9970411	-15.8240002	null
Sultanate of Cirebon	sultanism	1445	1545	108.557	-6.7063	null
Taifa of Santa Maria do Algarve	null	1018	1051	-8.25	37.16667	null
Madonna of the Stairs	sculpture	1491	1591	11.2636146005311	43.76989585	null
Britannic Empire	null	286	296	-0.1276474	51.5073219	null
Kakatiya dynasty	dynasty	1083	1323	79.5858923235593	17.95754655	null
Western Satraps	null	35	405	75.626687926333	23.29719535	null
Isfendiyarids	null	1292	1461	32.9452365564513	41.4414148	null
Principality of Galilee	former country	1099	1187	35.5328566	32.7938522	null
Zamorin of Calicut	null	1102	1799	75.7804	11.24802	null
The Just Judges	painting	1432	1532	3.7271593147338	51.05298865	null
Duchy of Bohemia	Wikimedia history article	870	1198	14.4212556	50.0874401	Přemyslovci erb.svg
Death and the Miser	painting	1494	1594	-77.019879964992	38.8913045	null
Northern Liao	null	1122	1123	-86.3065429	32.40827	null
Cathach of St. Columba	psalter	561	661	-60.84849	45.98344	null
Ramadanids	null	1352	1608	35.3263252	37.0033484	null
The Battle of San Romano	painting series	1438	1538	10.769	43.68922	null
Madonna and Child and Two Angels (Botticelli)	painting	1468	1568	14.2507827	40.8672819	null
Principality of Khachen	null	1261	1750	49.8263865	40.3665718	null
Madonna of the Pomegranate	painting	1487	1587	-46.6819643	-23.6140806	null
Madonna of the Book	painting	1480	1580	9.1917804	45.4684748	null
Cutting the Stone	painting	1494	1594	-3.69241	40.41369	null
Portrait of Giuliano de' Medici (Botticelli, Berlin)	painting	1478	1578	13.36478	52.50859	null
Salm-Kyrburg	null	1499	1681	7.4587468	49.7861574	null
Principality of Orange	principality	1163	1713	-117.85311	33.78779	Blason ville fr Orange (Vaucluse).svg
Mars and Venus (Botticelli)	painting	1483	1583	-0.128558502487114	51.50882525	null
Apollo of Veii	sculpture	-550	-450	12.478547	41.9179842	null
Polyptych of Perugia	painting	1469	1569	12.3884626806542	43.11162135	null
Giudicato of Cagliari	Sardinian Judicati	1020	1258	9.13462	39.20738	null
Kingdom of Toledo	null	1085	1833	-96.4098	38.41283	null
St. Sebastian (Botticelli)	painting	1473	1573	13.3646506	52.5085892	null
Battle of the Centaurs (Michelangelo)	sculpture	1492	1592	11.2636146005311	43.76989585	null
Later Zhao	null	319	351	93.7874406	18.6252772	null
Kingdom of Cusco	null	1197	1438	-71.96734	-13.52264	null
The Torment of Saint Anthony (Michelangelo)	painting	1487	1587	-97.3650176	32.7487412	null
Fourth Chinese domination of Vietnam	null	1407	1427	107.83333	16.16667	null
Portrait of a Musician	painting	1485	1585	9.1860073	45.4636401	null
San Damiano cross	painting	1100	1200	12.6169818545378	43.0689085	null
Santa Lucia de' Magnoli Altarpiece	painting	1445	1545	-46.6819643	-23.6140806	null
Hours of John the Fearless	book of hours	1409	1509	2.3733707	48.8343173	null
Hours of Lorenzo de' Medici	book of hours	1485	1585	12.21619	51.820706	null
Duchy of Masovia	null	1138	1526	19.7008606	52.5464521	Księstwo Mazowieckie COA.svg
Adal Sultanate	former country	1415	1559	43.4747227	11.3534851	null
Annunciation (Fra Angelico, Madrid)	painting	1435	1535	12.674297	42.6384261	null
Self-Portrait (Dürer, Madrid)	painting	1498	1598	10.4234469	51.0834196	null
Crucifixion with a Donor (Bosch)	painting	1480	1580	4.35782	50.8419	null
The Crucifixion of St Julia	painting	1497	1597	12.340594572533	45.4341991	null
Portrait of a Man (Self Portrait?)	painting	1433	1533	-0.128558502487114	51.50882525	null
Taifa of Murviedro and Sagunto	null	1086	1092	-0.26667	39.68333	null
The Wayfarer	painting	1490	1590	4.47309	51.9144	null
Adoration of the Magi (Mantegna)	painting	1462	1562	-46.6819643	-23.6140806	null
A Goldsmith in His Shop, Possibly Saint Eligius	painting	1449	1549	-73.9633640138519	40.77944365	null
Portrait of a Young Girl (Christus)	painting	1470	1570	13.3646506	52.5085892	null
Kingdom of Serbia (medieval)	null	1217	1346	28.38867	51.72703	null
David (Verrocchio)	sculpture	1472	1572	12.7759834	41.6821627	null
Holy Trinity (Botticelli)	painting	1491	1591	-0.1176463	51.5116134	null
Pallas and the Centaur	painting	1482	1582	-46.6819643	-23.6140806	null
Portrait of a Lady (van der Weyden)	painting	1460	1560	-77.019879964992	38.8913045	null
St. John the Baptist in the Wilderness	painting	1489	1589	-92.53738	35.96424	null
Seisyllwg	null	680	920	-3.2765753	54.7023545	Coat of arms of Gwaethfoed, Prince of Ceredigion.svg
The Death of Procris	painting	1495	1595	-0.128558502487114	51.50882525	null
Terra Mariana	null	1207	1561	-43.30662	-20.32403	null
The Virgin and Child with St Anne and St John the Baptist	drawing	1499	1599	-0.128558502487114	51.50882525	null
Taifa of Jerez	null	1145	1145	-6.13606	36.68645	null
Virgin and Child with Canon van der Paele	painting	1434	1534	3.2265407892228	51.2053667	null
Adoration of the Magi (Bosch, New York)	painting	1474	1574	-73.9633640138519	40.77944365	null
Ava Kingdom	null	1364	1555	5.276854	51.6903367	null
The Temptation of St Anthony (Bosch painting)	painting	1490	1590	-3.69241	40.41369	null
Deposition of Christ (Fra Angelico)	painting	1432	1532	12.3397900806788	45.43454785	null
Taifa of Jaén	null	1145	1168	-3.79028	37.76922	null
Madonna of the Magnificat	painting	1481	1581	-46.6819643	-23.6140806	null
Powys Fadog	null	1160	1277	-3.159775	52.9791485	Coat of arms of Powys Fadog.svg
Kalabhras dynasty	null	250	600	69.7726232	24.9499232	null
Taifa of Almería	null	1010	1147	-2.45974	36.83814	null
Diana of Versailles	sculpture	50	150	12.7133951	41.7200217	null
Melun Diptych	painting	1452	1552	4.35790140841528	50.8417252	null
Shashanka	null	590	626	88.3660085135772	24.287222	null
Lamentation of Christ (van der Weyden)	painting	1460	1560	-46.6819643	-23.6140806	null
Hoogheemraadschap van Rijnland	water board in the Netherlands	1255	1355	5.53460738161551	52.2379891	Rijnland waterschapswapen.svg
Portrait of Giovanna Tornabuoni	painting	1488	1588	-3.69489	40.41635	null
Papal Navy	navy	849	1878	-117.6960178	33.6499035	null
Free Imperial City of Aachen	Free imperial city	1306	1801	50.77664	6.08342	null
Attorney General for England and Wales	null	1277	1377	-3.5	52.5	null
The Baptism of Christ (Piero della Francesca)	painting	1448	1548	-0.128558502487114	51.50882525	null
Portrait of Simonetta Vespucci (Piero di Cosimo)	painting	1480	1580	2.485351	49.1938993	null
Cross of Saint Euphrosyne	cross	1161	1261	28.7762951	55.4857019	null
Petites Heures of Jean de France, Duc de Berry	work of art	1375	1475	2.3733707	48.8343173	null
Taifa of Santarém	null	1144	1145	-54.70833	-2.44306	null
Conservative Party of Armenia	organization	10	110	45	40.25	null
Kingdom of Albania (medieval)	null	1272	1368	19.5367091240347	41.42350305	Arms of the Kingdom of Naples.svg
Ares Borghese	sculpture	200	300	2.33712265273211	48.86147245	null
Lordship of Prilep	null	1371	1395	21.55444	41.34639	null
Taifa of Morón	null	1010	1066	-58.61975	-34.65344	null
Marathon Boy	sculpture	-340	-240	23.7329577374838	37.9890123	null
Powys Wenwynwyn	null	1160	1283	-3.1474212	52.6600742	Coat of arms of Powys.svg
Cestello Annunciation (Botticelli)	panel painting	1489	1589	-46.6819643	-23.6140806	null
St. Jerome in His Study (Antonello da Messina)	painting	1474	1574	-0.128558502487114	51.50882525	null
Madonna della Loggia (Botticelli)	painting	1467	1567	-46.6819643	-23.6140806	null
Christ Crowned with Thorns (Bosch, London)	painting	1495	1595	-0.128558502487114	51.50882525	null
Annunciation (van Eyck, Washington)	painting	1434	1534	-77.019879964992	38.8913045	null
Apparition of the Virgin to St Bernard (Filippino Lippi)	painting	1486	1586	11.2575524642895	43.7705033	null
Grey League	null	1395	1799	-95.1242767	29.4748982	Wappen Grauer Bund2.svg
Monforte Altarpiece	painting	1470	1570	13.3646506	52.5085892	null
Man of Sorrows (Geertgen tot Sint Jans)	painting	1480	1580	5.12373	52.08718	null
Suger's Eagle	vase	1140	1240	-106.6953	39.62783	null
The Last Judgment (Bosch triptych, Bruges)	painting	1486	1586	3.2265407892228	51.2053667	null
Apollo of Piombino	sculpture	-100	0	102.5	30.5	null
Altar frontal from Tavèrnoles	painting	1150	1250	2.15342121730515	41.36840785	null
Captaincy General of Santo Domingo	null	1493	1821	-70.66667	19	null
Fuller Brooch	brooch	900	1000	-0.127990295550173	51.5194185	null
Belleville Breviary	illuminated manuscript	1336	1436	2.3733707	48.8343173	null
Kingdom of Bosnia	null	1377	1463	17.83333	44.25	Grb Kotromanica.jpg
Battle of the Nudes (engraving)	print	1460	1560	12.674297	42.6384261	null
St Cuthbert Gospel	Gospel Book	650	750	-3.2765753	54.7023545	null
County of Gorizia	countship	1127	1747	13.62167	45.94088	null
County of Lecce	null	1055	1155	18.17202	40.35703	null
Venus of Arles	sculpture	100	200	4.63031	43.67681	null
Lycurgus Cup	cage cup	350	450	-0.1276474	51.5073219	null
Southern Court	organization	1338	1392	-85.1265209	41.0347199	null
Hell Scroll (Nara National Museum)	emakimono	1100	1200	14.4308	50.07887	null
Last Supper (del Castagno)	painting	1445	1545	13.0598612	43.6677061	null
Altar frontal from Avià	painting	1200	1300	2.15342121730515	41.36840785	null
Altar frontal from La Seu d'Urgell or of The Apostles	painting	1125	1225	2.15342121730515	41.36840785	null
Diana of Gabii	sculpture	20	120	12.7191386266539	41.88779295	null
The Magdalen Reading	painting	1435	1535	-0.128558502487114	51.50882525	null
Madonna of Humility (Fra Angelico)	painting	1433	1533	2.15342121730515	41.36840785	null
Saint Augustine Altarpiece (Huguet)	painting	1462	1562	2.15342121730515	41.36840785	null
Trần dynasty	dynasty	1225	1400	105.85247	21.0292095	null
Batlló Majesty	crucifix	1100	1200	2.15342121730515	41.36840785	null
The Werl Triptych	painting	1438	1538	-3.69241	40.41369	null
Pagaruyung Kingdom	former country	1347	1833	101.583949000063	-0.14292745	Minangkabau royal seal.jpg
Adoration of the Magi (Perugino)	painting	1470	1570	12.3884626806542	43.11162135	null
Agony in the Garden (Perugino)	painting	1483	1583	-46.6819643	-23.6140806	null
Annunciation of Fano	painting	1488	1588	13.01206	43.82036	null
Annunciation of San Giovanni Valdarno	painting	1430	1530	11.54696	43.54836	null
Lamentation over the Dead Christ (Perugino)	painting	1495	1595	11.2502961	43.764733	null
Last Supper (Perugino)	fresco	1493	1593	11.2513709	43.7772838	null
Last Communion of St Jerome (Botticelli)	painting	1495	1595	-73.9633640138519	40.77944365	null
Madonna of Laroque	painting	1480	1580	-69.9970411	-15.8240002	null
Virgin and Child with an Angel (Botticelli)	painting	1470	1570	-71.0989328	42.3386252	null
Presentation at the Temple (Mantegna)	painting	1455	1555	13.3646506	52.5085892	null
San Francesco al Prato Resurrection	painting	1499	1599	12.454661770501	41.90496095	null
Madonna in Glory with Seraphim (Botticelli)	painting	1469	1569	-46.6819643	-23.6140806	null
Madonna of the Dry Tree	painting	1462	1562	-3.69489	40.41635	null
Madonna and Child (Botticelli, Avignon)	painting	1467	1567	2.3145051	48.8660456	null
Madonna with Child Enthroned between Saints John the Baptist and Sebastian	painting	1493	1593	-46.6819643	-23.6140806	null
Madonna of the Rose Garden (Botticelli)	painting	1469	1569	-46.6819643	-23.6140806	null
Baptism of Christ (Perugino)	fresco	1482	1582	12.4544049846207	41.90293645	null
Christ as the Suffering Redeemer (Mantegna)	painting	1488	1588	12.5783607170133	55.68873175	null
The Last Judgment (Fra Angelico, Florence)	painting	1425	1525	12.3397900806788	45.43454785	null
Mystic Marriage of St. Francis (Sassetta)	painting	1392	1492	2.485351	49.1938993	null
Nowshera Virkan	human settlement	14	114	30.3308401	71.247499	null
Penitent Magdalene (Donatello)	sculpture	1453	1553	11.2580477098623	43.7731795	null
Medici Madonna (van der Weyden)	painting	1460	1560	8.6738299	50.103336	null
Apse of Sant Climent de Taüll	fresco	1123	1223	2.15342121730515	41.36840785	null
Virgin Annunciate (Antonello da Messina, Palermo)	painting	1476	1576	13.3711736946222	38.1165732	null
Madonna with Child and Saints (Filippino Lippi)	painting	1493	1593	12.334069308004	45.40021995	null
Athena of Velletri	sculpture	100	200	12.779287	41.669215	null
San Pietro Polyptych	painting	1496	1596	-97.76045	39.37219	null
Portrait of a Man (Mantegna)	painting	1460	1560	-77.019879964992	38.8913045	null
Portrait of Baudouin de Lannoy	painting	1435	1535	13.3646506	52.5085892	null
Portrait of Francesco d'Este	painting	1460	1560	-73.9633640138519	40.77944365	null
Portrait of Margaret van Eyck	painting	1439	1539	3.2265407892228	51.2053667	null
Portrait of Paquius Proculo	painting	20	120	14.25049	40.85338	null
Diptych of Philip de Croÿ with The Virgin and Child	painting	1460	1560	4.35790140841528	50.8417252	null
Portrait of Cardinal Niccolò Albergati	painting	1431	1531	16.3617772494109	48.20374855	null
Decemviri Altarpiece	painting	1495	1595	12.454661770501	41.90496095	null
Saint Barbara (van Eyck)	drawing	1437	1537	4.35790140841528	50.8417252	null
Six Persimmons	painting	1200	1300	135.744781873201	35.0431843	null
Adoration of the Magi (Fra Angelico and Filippo Lippi)	painting	1430	1530	-77.019879964992	38.8913045	null
Donne Triptych	painting	1478	1578	-0.128558502487114	51.50882525	null
Stefaneschi Triptych	painting	1320	1420	12.4527830265441	41.905789	null
Annunciation Triptych (Lorenzo Monaco)	painting	1406	1506	11.2585976	43.7766155	null
San Pietro Martire Triptych	painting	1428	1528	13.08474	46.0563	null
Portrait of a Man with a Blue Chaperon	painting	1435	1535	24.1506559	45.7965073	null
Life of Saint Denis (Bibliothèque Nationale, MS fr. 2090–2092)	illuminated manuscript	1317	1417	2.3733707	48.8343173	null
Psalterium (instrument)	null	15	115	1.8883335	46.603354	null
Adoration of the Magi (Filippino Lippi)	painting	1496	1596	-46.6819643	-23.6140806	null
Adoration of the Magi (Lorenzo Monaco)	painting	1420	1520	-46.6819643	-23.6140806	null
Adoration of the Magi (Stefano da Verona)	painting	1434	1534	9.1883633	45.4722044	null
Adoration of the Shepherds (Mantegna)	painting	1450	1550	-73.9633640138519	40.77944365	null
Adoration of the Child (Gentile da Fabriano)	painting	1420	1520	-118.475	34.0775	null
Annunciation (Ambrogio Lorenzetti)	painting	1344	1444	11.3305165783773	43.31569735	null
Annunciation (da Messina)	painting	1474	1574	15.54969	38.19327	null
Annunciation (Lippi, Rome)	painting	1445	1545	12.4839	41.89474	null
Martelli Annunciation	painting	1440	1540	-122.12441	37.68104	null
Annunciation (Lippi, Munich)	painting	1443	1543	11.569970904087	48.1482861	null
Catholic diocese of Lund	null	1060	1160	-95.70738	46.06392	null
Apparition of Christ to the Virgin	painting	1493	1593	11.569970904087	48.1482861	null
Duchy of Philippopolis	null	1204	1304	24.75	42.15	null
District of Branković	null	1371	1412	19.1048	43.85537	null
Duchy of Austria	null	1156	1256	13.33333	47.33333	null
Bentheim-Bentheim	countship	1277	1377	10.4234469	51.0834196	null
Bentheim-Lingen	countship	1450	1550	10.4234469	51.0834196	null
Our Lady of the Don	painting	1382	1482	37.6064232	55.7349612	null
The Hunt in the Forest	painting	1470	1570	-1.25546460010822	51.7542565	null
Canons Regular of San Giorgio in Alga	religious order	1404	1504	12.2922042928678	45.42461645	null
The Circumcision (Signorelli)	painting	1490	1590	-0.128558502487114	51.50882525	null
Lamentation of Christ (Dürer, Nuremberg)	painting	1498	1598	14.4308	50.07887	null
Delivery of the Franciscan Rule	painting	1445	1545	14.2507827	40.8672819	null
Loritello	null	1053	1153	16.6061091	38.8798283	null
County of Modica	null	1296	1396	14.77399	36.84594	null
County of Santa Fiora	countship	1274	1374	11.58474	42.83129	null
Dead Christ Supported by Two Angels	painting	1460	1560	12.3372081978383	45.4335963	null
Crucifixion (Antonello da Messina)	painting	1454	1554	-0.128558502487114	51.50882525	null
Crucifixion (Mantegna)	altarpiece	1457	1557	12.674297	42.6384261	null
Crucifix (Cimabue, Santa Croce)	painting	1272	1372	11.45	44.7	null
Crucifixion between Sts. Jerome and Christopher	painting	1475	1575	2.33712265273211	48.86147245	null
Desco da parto (Masaccio)	painting	1427	1527	13.3646506	52.5085892	null
Descent from Mount Sinai (Sistine Chapel)	fresco	1481	1581	12.4544	41.90305	null
Two Venetian Ladies	painting	1490	1590	12.3372081978383	45.4335963	null
Funeral of St. Jerome (Filippo Lippi)	painting	1452	1552	11.2580477098623	43.7731795	null
Bentivoglio Altarpiece	painting	1488	1588	10.904199	44.2903147	null
Fürstenberg-Baar	null	1441	1541	10.4234469	51.0834196	null
Fürstenberg-Fürstenberg	null	1408	1508	10.4234469	51.0834196	null
Fürstenberg-Geisingen	null	1441	1541	10.4234469	51.0834196	null
Fürstenberg-Wolfach	null	1408	1508	10.4234469	51.0834196	null
Eastern Chalukyas	null	624	1189	22.4492826	56.6280528	null
House of Giorgi	null	1169	1269	-82.89748	40.17438	Coa fam ITA giorgi8.jpg
Judith and Holofernes (Mantegna)	painting	1495	1595	-77.019879964992	38.8913045	null
Beylik of Çubukoğulları	former country	1085	1185	34.9249653	38.9597594	null
Marsuppini Coronation	painting	1444	1544	12.454661770501	41.90496095	null
Coronation of the Virgin (Filippo Lippi)	altarpiece	1441	1541	-46.6819643	-23.6140806	null
Coronation of the Virgin (Fra Angelico, Uffizi)	painting	1432	1532	-46.6819643	-23.6140806	null
Coronation of the Virgin (Lorenzo Monaco)	painting	1414	1514	-46.6819643	-23.6140806	null
Sala delle Asse	painting	1498	1598	6.5625	52.99667	null
Altarpiece of Saint Barbara	painting	1410	1510	2.15342121730515	41.36840785	null
Gothic altarpiece of Santes Creus	altarpiece	1407	1507	2.15342121730515	41.36840785	null
Virgin of the Angels	painting	1385	1485	2.15342121730515	41.36840785	null
Apse from La Seu d'Urgell	work of art	1100	1200	2.15342121730515	41.36840785	null
Apse of Santa Maria d'Àneu	fresco	1275	1375	2.15342121730515	41.36840785	null
Paintings from Arlanza	painting	1210	1310	2.15342121730515	41.36840785	null
Head of Christ (Cascalls)	sculpture	1352	1452	2.15342121730515	41.36840785	null
Erill la Vall Descent from the Cross	sculpture	1150	1250	-52.88136	47.09989	null
Altarpiece of the Saints John	painting	1435	1535	2.15342121730515	41.36840785	null
Southern apse from Pedret	fresco	1075	1175	2.15342121730515	41.36840785	null
Kore of Lyons	work of art	-550	-450	-97.76045	39.37219	null
Mural paintings of the Conquest of Majorca	fresco	1285	1385	2.15342121730515	41.36840785	null
Miracle of the Relic of the Cross at the Ponte di Rialto	painting	1496	1596	-90.17747	38.70636	null
Madonna with Writing Child and Bishop	painting	1495	1595	-0.370904126918915	39.4793116	null
Sponheim-Sayn	null	1261	1283	10.4234469	51.0834196	null
Virgin and Child with Four Angels (Donatello)	sculpture	1456	1556	-0.171602596779448	51.49682255	null
Haller Madonna	painting	1495	1595	-77.019879964992	38.8913045	null
Salting Madonna (Antonello da Messina)	painting	1460	1560	-0.128558502487114	51.50882525	null
Madonna with Writing Child and St. Jerome	painting	1480	1580	13.3646506	52.5085892	null
Madonna with Writing Child	painting	1494	1594	-75.1815126731516	39.96556385	null
Madonna of the Red Cherubims	painting	1485	1585	12.3282997	45.431244	null
Madonna of the Small Trees	painting	1487	1587	12.3282997	45.431244	null
Madonna del Ceppo	painting	1452	1552	9.8534452	44.2123575	null
Madonna of the Milk	painting	1467	1567	-0.128558502487114	51.50882525	null
Madonna of the Rose Garden	painting	1420	1520	-111.86021	40.76884	null
Alzano Madonna	painting	1485	1585	9.67549545324148	45.7044449	null
Bagnacavallo Madonna	painting	1495	1595	10.3496204	44.6671491	null
Madonna and Child Enthroned (Filippo Lippi)	painting	1447	1547	12.4898746	41.9033252	null
Madonna of Palazzo Medici-Riccardi	painting	1466	1566	11.2556477052347	43.7752075	null
Gladiator Mosaic	mosaic	320	420	12.492061	41.9141203	null
Nativity of the Virgin (Pietro Lorenzetti)	painting	1335	1435	-116.4480341	33.7864277	null
Barbadori Altarpiece	painting	1438	1538	-90.084252	29.9805237	null
Santa Maria in Porto Altarpiece	painting	1479	1579	9.1883633	45.4722044	null
The Crossing of the Red Sea (Sistine Chapel)	fresco	1481	1581	12.4544	41.90305	null
Quaratesi Polyptych	painting	1425	1525	12.4527830265441	41.905789	null
Badia Polyptych	painting	1300	1400	-46.6819643	-23.6140806	null
Valle Romita Polyptych	painting	1410	1510	9.1883633	45.4722044	null
Presentation at the Temple (Ambrogio Lorenzetti)	painting	1342	1442	-46.6819643	-23.6140806	null
Presentation at the Temples (Fra Angelico)	painting	1438	1538	13.08474	46.0563	null
Presentation at the Temple (Bellini)	painting	1460	1560	12.3410743	45.436262	null
Presentation of the Virgin Mary at the Temple (Cima da Conegliano)	painting	1496	1596	13.7346385	51.0534657	null
Procession in St. Mark's Square	painting	1496	1596	12.3282997	45.431244	null
Portrait of a Man (Antonello da Messina, Turin)	painting	1476	1576	7.68682	45.07049	null
Portrait of a Man (Antonello da Messina, London)	painting	1475	1575	-0.128558502487114	51.50882525	null
Portrait of a Man (Signorelli)	painting	1492	1592	13.3646506	52.5085892	null
Portrait of a Man with a Roman Medal	painting	1480	1580	4.35790140841528	50.8417252	null
Portrait of Cardinal Ludovico Trevisan	painting	1459	1559	13.3646506	52.5085892	null
Portrait of Dürer's Father at 70	painting	1497	1597	-0.128558502487114	51.50882525	null
Portrait of Carlo de' Medici	painting	1459	1559	-46.6819643	-23.6140806	null
Portrait of Frederick III of Saxony	painting	1496	1596	13.3646506	52.5085892	null
Portrait of Federico da Montefeltro with His Son Guidobaldo	painting	1475	1575	10.798033970229	45.1599916	null
Portrait of Folco Portinari	painting	1490	1590	-46.6819643	-23.6140806	null
Portrait of Francesco Gonzaga	painting	1461	1561	14.2507827	40.8672819	null
Portrait of Giovanni di Nicolao Arnolfini	painting	1440	1540	13.3646506	52.5085892	null
Portrait of Sigismund of Luxemburg	painting	1432	1532	16.3617772494109	48.20374855	null
Portrait of a Condottiero (Bellini)	painting	1495	1595	-77.019879964992	38.8913045	null
St. Bernardino of Siena between Two Angels	painting	1460	1560	9.1883633	45.4722044	null
St. Francis in Ecstasy	painting	1480	1580	-73.9670960213623	40.77125355	null
St. Jerome in the Wilderness (Dürer)	painting	1496	1596	-0.128558502487114	51.50882525	null
St. Jerome in Penance (Fra Lippo Lippi)	painting	1439	1539	12.4447206602159	50.9917319	null
Saint Anthony Abbot Tempted by a Heap of Gold	painting	1435	1535	-73.9633640138519	40.77944365	null
Saraca (family)	null	1172	1272	18.09216	42.64807	Coa fam ITA saraca.jpg
Dogmatic Sarcophagus	sarcophagus	320	420	12.454661770501	41.90496095	null
Seven Saints (Filippo Lippi)	painting	1449	1549	-0.128558502487114	51.50882525	null
Sixtus IV Appointing Platina as Prefect of the Vatican Library	fresco	1477	1577	12.454661770501	41.90496095	null
Semi-Gods Ceiling	painting	1490	1590	12.461313203228	41.9018214	null
The Marriage of the Virgin (Michelino da Besozzo)	painting	1435	1535	-73.9633640138519	40.77944365	null
Mystical Marriage of Saint Catherine (Michelino da Besozzo)	painting	1420	1520	11.3305165783773	43.31569735	null
Saint Francis Receiving the Stigmata (van Eyck)	painting	1428	1528	-75.1815126731516	39.96556385	null
History of Tyrol	Wikimedia history article	1140	1240	-98.17829	47.54381	null
Tabernacle of the Linaioli	painting	1432	1532	13.08474	46.0563	null
Head of St. John the Baptist	painting	1465	1565	28.14148	-29.54498	null
Transfiguration of Christ (Bellini)	painting	1480	1580	14.2507827	40.8672819	null
The Triumph of Death (Palermo)	fresco	1446	1546	13.3711736946222	38.1165732	null
Man with Red Hat	painting	1490	1590	12.3372081978383	45.4335963	null
First disciples of Jesus	painting	1481	1581	12.4544049846207	41.90293645	null
Waldburg-Wolfegg-Zeil	null	1424	1589	10.4234469	51.0834196	null
County of Guastalla	null	1406	1506	10.66089	44.91317	null
Principality of Peremyshl	Period of appanages	1031	1131	22.76728	49.78498	null
Portrait of a Young Woman (Botticelli, Frankfurt)	painting	1480	1580	8.6738299	50.103336	null
Russian Monarchist Union	null	24	124	-74.2632	40.6976	null
Rajahnate of Cebu	null	1450	1565	123.89071	10.31672	null
Theotokos of Tolga	painting	1314	1414	5.37845	34.72224	null
Ustyug Annunciation	painting	1130	1230	37.6064232	55.7349612	null
Our Home – Russia	political party in Russia	12	2006	100	60	null
Da Chu	null	1127	1227	135.315938	34.731721	null
Adoration of the Magi (Andrea della Robbia)	relief	16	116	-0.171602596779448	51.49682255	null
Altar frontal from Santa Maria in Taüll	painting	1200	1300	2.15342121730515	41.36840785	null
Shan States	null	1215	1563	-100.4458825	39.7837304	null
Apollo Citharoedus (Vatican)	statue	200	300	12.798884	41.960922	null
Apollo of Mantua	sculpture	-100	0	2.33712265273211	48.86147245	null
Apostles from Àger	work of art	1100	1200	2.15342121730515	41.36840785	null
Baldachin from Tost	painting	1220	1320	2.15342121730515	41.36840785	null
Resurrection of Christ (Bermejo)	painting	1475	1575	2.15342121730515	41.36840785	null
Bishop of Meath	null	1100	1976	-7.9794599	52.865196	null
Cancelleria Reliefs	sculpture	1	101	12.454661770501	41.90496095	null
Canterbury Astrolabe Quadrant	measuring instrument	1388	1488	171.809844758414	-43.49417605	null
Charter of the Forest	null	1217	1317	19.948	49.3042	null
Christ Child with a Walking Frame	painting	1480	1580	16.3617772494109	48.20374855	null
Christ at the Column (Antonello da Messina)	painting	1476	1576	15.54969	38.19327	null
Early Spring (painting)	Hanging scroll	1072	1172	121.548652	25.1020073	null
Cocollán	null	1100	1521	-103.8178046	20.3555875	null
Commune of Rome	null	1143	1193	-80.85707	41.60702	Coat of arms of Rome.svg
County of Cilli	null	1341	1456	15.26044	46.23092	null
Crucifixion (Bellini)	painting	1455	1555	12.3372081978383	45.4335963	null
Crucifixion (Modena)	painting	1375	1475	-86.1858388057633	39.82596175	null
Cupid and Psyche (Capitoline Museums)	sculpture	50	150	153.0737324	-27.4809234	null
Doboka County	county	1100	1876	24.3740295	46.5971623	null
Dorchester (UK Parliament constituency)	constituency of the United Kingdom	1295	1868	-3.2765753	54.7023545	null
Duchy of Inowrocław	null	1267	1364	18.26388	52.79886	null
Free Imperial City of Ulm	Free imperial city	1181	1803	48.39841	9.99155	null
Haarlem Guild of St. Luke	Guild of Saint Luke	1496	1596	4.64355969655963	52.38370575	null
Hindon (UK Parliament constituency)	constituency of the United Kingdom	1448	1832	-3.2765753	54.7023545	null
Janggala	Wikimedia disambiguation page	1045	1145	108.1868885	-7.4627672	null
Kaukaba	null	-6200	-6100	44.7365848	13.7411627	null
King's Hall, Cambridge	null	1317	1417	0.124862	52.2033051	null
Kingdom of the Canary Islands	null	1402	1448	-15.5	28	null
Kingston upon Hull (UK Parliament constituency)	constituency of the United Kingdom	1305	1885	-0.125823	51.499861	null
Ksitigarbha bodhisattva	sculpture	1175	1275	-86.1858388057633	39.82596175	null
Lady of Vinča	sculpture	-5500	-5400	20.45998	44.81892	null
Lion of Venice	sculpture	-300	-200	-90.17747	38.70636	null
Lotharingia	null	855	959	6.1999334	48.8360858	null
Madonna and Child (Duccio)	painting	1300	1400	-73.9633640138519	40.77944365	null
Maligawila Buddha statue	sculpture	600	700	81.3524534	6.7284219	null
Malton (UK Parliament constituency)	constituency of the United Kingdom	1295	1885	-1.07497	51.432552	null
Manunggul Jar	jar	-890	-790	120.980665024236	14.5854433	null
Baden	sovereign state	1112	1945	10.5	51.5	null
Mongol Armenia	null	1236	1335	45	40.25	null
Nieder-Isenburg	null	1218	1664	7.5917684	50.4753376	null
O'Kennedy	null	1118	1543	-8.1976316	52.8662986	null
Paintings from El Burgal	work of art	1050	1150	2.15342121730515	41.36840785	null
Paintings from Sant Joan in Boí	work of art	1100	1200	2.15342121730515	41.36840785	null
Panhellenic Union of Fighting Youths	null	19	119	21.9999569	39.000041	null
Pincum relief	stele	100	200	21.5167475	44.7628106	null
Plympton Erle (UK Parliament constituency)	constituency of the United Kingdom	1295	1832	-3.2765753	54.7023545	null
Portrait of a Carthusian	painting	1446	1546	-73.9633640138519	40.77944365	null
Portrait of a Young Man (Masaccio)	painting	1425	1525	-77.019879964992	38.8913045	null
Portuguese São Tomé and Príncipe	null	1470	1570	7	1	null
Principality of Krk	principality	1451	1551	19.93658	50.06143	null
Principality of Valona	principality	1346	1417	19.48972	40.46667	null
Raherka and Meresankh	sculpture	-2350	-2250	116.39706	39.91691	null
Ras El Kelb	cave	-50000	-49900	35.47843	33.8959203	null
Ritual wine server (guang), Indianapolis	sculpture	1100	1200	-86.1858388057633	39.82596175	null
Saint George and the Dragon (painting)	mural	1430	1530	73.921552	18.566544	null
Saint Vincent Tied to a Column	painting	1450	1550	-9.16154726282124	38.70480695	null
Sanjak of Ioannina	sanjak of the Ottoman Empire	1430	1530	20.85083	39.6675	null
Sanjak of Karasi	sanjak of the Ottoman Empire	1341	1441	34.9249653	38.9597594	null
Scali (bank)	bank	1299	1326	-74.78862	40.09793	null
Seljuq Armenia	null	1071	1201	45	40.25	null
Sheffield Cross	artifact	900	1000	-0.127990295550173	51.5194185	null
Shreveport Steamer	sports team	197	1975	-100.4458825	39.7837304	null
Spanish Cobras	gang	60	160	-87.70227	41.902876	null
St. Jerome and Abraham panels (Antonello da Messina)	painting	1455	1555	15.6510714899539	38.1146069	null
Bible of St Louis	Bible moralisée	1200	1300	-4.003104	40.0028028	null
Statue of Iddi-Ilum	sculpture	-2090	-1990	40.8884262	34.5513535	null
Statue of Parakramabahu I	sculpture	1100	1200	-7.25	19	null
São Francisco (Nuno Gonçalves)	painting	1460	1560	-9.16154726282124	38.70480695	null
Temple Pyx	work of art	1125	1225	100.88333	12.93333	null
Duchy of Aquitaine	null	841	1449	1	44.58333	Arms of Aquitaine and Guyenne.svg
The Entombment (Bouts)	painting	1450	1550	-0.128558502487114	51.50882525	null
The Ideal City (painting)	painting	1480	1580	-76.6161288	39.2965804	null
The Sea Monster	chalcography	1496	1596	-123.1027401	49.2833422	null
Tobias and the Angel (Filippino Lippi)	painting	1475	1575	-77.019879964992	38.8913045	null
Turkmen Armenia	null	1335	1508	45	40.25	null
Utrecht Guild of Saint Luke	Guild of Saint Luke	1380	1480	5.12768031549829	52.08095165	null
Venus and Mars (sculpture)	sculpture	120	220	109	36	null
Virgin Annunciate (Antonello da Messina, Munich)	painting	1473	1573	11.569970904087	48.1482861	null
Walking on a Mountain Path in Spring	painting	1190	1290	121.548652	25.1020073	null
Winchelsea (UK Parliament constituency)	constituency of the United Kingdom	1366	1832	-8	53	null
Wolfstein (principality)	null	1217	1383	10.4234469	51.0834196	null
Zliten mosaic	mosaic	100	200	18.1236723	26.8234472	null
Umayyad Caliphate	transcontinental country	661	750	36.3095814	33.5130695	null
Nativity (Christus)	panel painting	1450	1550	-77.019879964992	38.8913045	null
The Miraculous Draft of Fishes (Witz)	painting	1444	1544	6.1509545	46.1995525	null
Señorío de Sanlúcar	null	1297	1397	12.21619	51.820706	null
Ascent of the Blessed	painting	1490	1590	-60.34584	-25.23006	null
Kingdom of Mrauk U	former country	1429	1784	-7.41667	54.36111	null
Lê dynasty	dynasty	1428	1528	-81.6639839	35.254102	null
Moldavia	principality	1346	1859	-41.9294776	-12.285251	Coat of arms of Moldavia.svg
Duchy of Mecklenburg-Schwerin	duchy	1352	1815	11.41316	53.62937	Armoiries Mecklembourg-Schwerin.svg
Taifa of Arjona	Taifa	1232	1244	-4.0544689	37.9355989	null
Lostwithiel (UK Parliament constituency)	constituency of the United Kingdom	1304	1832	-3.2765753	54.7023545	null
Paintings from Santa Maria in Taüll	cycle of frescos	1123	1223	2.15342121730515	41.36840785	null
Kingdom of Dazhou	null	1354	1367	107.50092	31.21592	null
Spanish West Indies	null	1492	1898	-70	20	null
Kahuripan	null	1019	1045	108.2159498	-7.3575522	null
County of Nassau	null	1125	1806	-73.5877699	40.7412643	Arms of Nassau.svg
Principality of Serbia (medieval)	null	768	969	20.4158023139151	43.1284194	null
Sanjak of Salonica	sanjak of the Ottoman Empire	1430	1530	22.94389	40.64028	null
Taifa of Toledo	Taifa	1010	1085	-96.4098	38.41283	null
Borghese Venus	sculpture	200	300	109.6	19.2	null
Lord Mayor of Dublin	Lord Mayor	1229	1329	-95.43073	45.19488	null
Nassau-Saarbrücken	null	1381	1481	6.8449816	49.1587174	null
The Virgin appearing to St. Bernard	painting	1488	1588	11.569970904087	48.1482861	null
Kingdom of Arles	null	933	1378	4.6309653	43.6776223	null
Satala Aphrodite	sculpture	-100	0	39.5979027	40.0280033	null
Nachcharini	cave	-6200	-6100	35.47843	33.8959203	null
Bishop of Argyll	minister	1200	1688	-5.25	56.25	null
Archdeacon of Llandaff	minister	1100	1200	-3.2765753	54.7023545	null
Madonna Adoring the Child with Five Angels (Botticelli)	painting	1480	1580	-76.6194944644438	39.32585585	null
Virgin and Child Enthroned (van der Weyden)	painting	1430	1530	-3.69489	40.41635	null
Breadalbane Brooch	Celtic brooch	750	850	-0.127990295550173	51.5194185	null
Haarlem schutterij	military	1402	1794	4.64355969655963	52.38370575	null
Minuscule 3686	minuscule	1450	1550	-4	54	null
Triptych of the Virgin's Life (Bouts)	painting	1440	1540	-3.69241	40.41369	null
Pietà (van der Weyden)	painting	1441	1541	4.35782	50.8419	null
Judgement of Paris Amphora	amphora	-600	-500	-97.76045	39.37219	null
